id;super_regne;regne;sous_regne;rameau;infra_regne;super_division;division;sous_division;infra_embranchement;micro_embranchement;super_classe;classe;sous_classe;infra_classe;super_ordre;ordre;sous_ordre;infra_ordre;micro_ordre;super_famille;famille;sous_famille;tribu;sous_tribu;genre;sous_genre;section;sous_section;espece;sous_espece;variete;sous_variete;forme
1;Interface a e-services;Awesome sticky;Frozen Dong;Keyboard;payment Chicken;invoice Developpeur Cheese;index reintermediate;Chips service-desk;generating open-source bypass;b Bretagne Checking;de index Checking;a;c quantifying virtual;Account integrate Account;grey Soap;Basse-Normandie;holistic Pants;Pants COM;Champagne-Ardenne;Gorgeous Computer synergies;Account 1080p Analyste;Islands;task-force Specialiste;withdrawal Games Computer;back-end;Stagiaire a Ergonomic;Érythrée;primary Papouasie-Nouvelle-Guinée;magenta;Automotive;Awesome leading-edge Berkshire;Alsace Sausages;synthesizing circuit
2;Ergonomic Architecte array;bus Cotton;Ingenieur;indigo;architecture;implementation;synergy Executif;communities Cambridgeshire;Account;systems Havre;navigate Market strategy;Alsace;systems Borders;Account Mauritanie;vortals;Lari Fantastic;Bike back-end;Beauty Cheese;HTTP overriding digital;optical SAS;silver;Investment;Malawi;Plastic b;Cotton program Movies;de RAM Handcrafted;Function-based Licensed;New Bike;plum encompassing project;Balanced;digital;Savings Assistant;Configurable
3;Berkshire JSON Guyane;matrix invoice;Salad payment;invoice;Persevering;b Tools;Re-contextualized navigate;Fresh;sticky auxiliary;bluetooth connecting;b Customer-focused;Music;Market neural application;Saint-Bernard Bedfordshire;wireless Checking;Account Delesseux;b;Bacon Unbranded backing;strategy;compressing;b;quantify;Directeur Games;technologies EXE enterprise;convergence invoice c;Gorgeous Agent;c;withdrawal;enable;programming;Computer de;hack bricks-and-clicks;Composite d'Argenteuil deposit
4;Sleek Sleek purple;neural-net Tunisian Seamless;c hour;Biélorussie;Népal Mouffetard Adolphe;out-of-the-box;Niger Frozen;Account;Berkshire Wooden;Nuevo modular;la indexing SMS;Mouse Loan;Delesseux Provence-Alpes-Côte;connect Poitou-Charentes;client-driven c;bluetooth Monitored Lombards;Pays-Bas Cross-platform;Money;Electronics asymmetric Concrete;multi-byte;Garden cyan unleash;Movies open-source;override Account;optimizing;Baby transmit THX;neural;Rhône-Alpes Cambridgeshire;Cotton de;red République payment;web-readiness Cheese Saint-Marin;Nouvelle-Zélande;Wooden Developpeur Nord-Pas-de-Calais;Metal content-based XML
5;orchestrate;pixel;Borders Shoes Shirt;Auto;infomediaries;Aquitaine;d’Ivoire JSON;sticky Account;payment tangible;cross-platform;Cotton;connect matrix generating;emulation haptic solution-oriented;Market;Barbade Developpeur navigating;extend action-items;hardware b deposit;programming transitional;plum transmitting world-class;blue;product;b;Limousin turquoise;Chicken Garden;capacitor;SDD;paradigms;Basse-Normandie red networks;Mali Incredible;synthesize b invoice;Limousin;parsing;b synthesizing transmit
6;b Towels;secondary;Panoramas;plum USB;Function-based Practical;visualize metrics;models Clothing;c;Cambridgeshire;invoice multi-byte;Intuitive;capacitor Irlande Champagne-Ardenne;transmitter;optical a;executive Loan;structure;monitor Producteur Checking;Faubourg-Saint-Denis panel;digital empower Wooden;plum group;withdrawal USB blue;PCI;hack c Lombards;Granite IB;Frozen;b withdrawal Buckinghamshire;SCSI;high-level Home payment;Shirt IB GB;robust;c;b Rubber Consultant;Tools
7;THX Practical;Tonga Licensed Finlande;wireless;Self-enabling;quantifying Gold e-tailers;Soap concept back;Borders;Technicien;blue envisioneer architectures;Steel migration Money;b orchestrate;Centralized website;deposit;input;calculating override;Developpeur Fantastic;d'Orsel c Papouasie-Nouvelle-Guinée;Investment SCSI Saint-Denis;des;pink Basse-Normandie open-source;quantify mesh;optical;auxiliary Franche-Comté parse;Developpeur;Sharable Health;Executif;Rial;Loan feed;disintermediate;l'Abbaye Pants generation;b Bac;circuit Executif a;GB
8;action-items;b b Industrial;b generate c;Cambridgeshire Market;Bûcherie Frozen;connect Faso;transmit bypass open-source;Pizza;Fresh;Computers;SSL bricks-and-clicks dynamic;b executive full-range;synthesizing;Gorgeous c;b migration;paradigms;Cotton Grèce;Franche-Comté pixel cross-media;de;Analyste turn-key;Argentine alarm;Nord-Pas-de-Calais;matrix;Rustic system multi-tasking;b;sexy Assistant azure;compress;Steel users solid;solid;c Bike USB;synthesizing Ergonomic moratorium;Steel Organized;Érythrée CSS invoice
9;Handmade hard b;bypass Computer content-based;CSS bypass;Berkshire Loan bypassing;Aquitaine SMS exuding;Fresh mission-critical Investment;Indonésie;Joubert;b;generate;lime Directeur Account;compressing Awesome;Steel Azerbaijanian copying;application HDD Balanced;pink;c b Metal;Tala hacking bypass;holistic;Credit;c Intelligent;SMS portal;Pizza c reboot;withdrawal Buckinghamshire end-to-end;circuit tolerance Barbade;Metal programming;withdrawal Inverse;Chicken;Rial;input;Shilling Unbranded;Organic;data-warehouse Riel Personal;Franche-Comté
10;Rubber calculate task-force;firewall;withdrawal Oman Technicien;AI;Portugal iterate Assistant;hierarchy FTP e-business;Account;a multi-state Boétie;drive Bedfordshire Taka;Taka;Account;bifurcated;engage Belize;Credit Towels;Fresh Granite Bourgogne;c c;Ameliorated;Languedoc-Roussillon program;c COM hacking;SDR cross-media;grey;white Albanie withdrawal;Investment;supply-chains;b monitor leverage;Fish;Pierre Pre-emptive e-markets;compressing;Pula Public-key;alarm Outdoors Producteur;experiences 24/365 connect;deposit customized Venezuela;Cotton Bedfordshire Concrete
