id;nom_latin;entretien;histoire;exposition;rusticite
1;Customer Iowa;Pataca circuit Grenada;Baby;Rustic Steel Cheese Intelligent Metal Shoes Avon;dynamic
2;benchmark;innovate reboot proactive;Nebraska;mobile;European Unit of Account 17(E.U.A.-17) SCSI azure
3;Metal;transmit Gloves;Refined ADP solutions;Product back up;Future-proofed
4;Anguilla;deposit JSON;Berkshire distributed;Specialist Manor protocol;microchip
5;Guernsey;Corporate Bedfordshire Vision-oriented;Baby;Triple-buffered deploy;generating
6;Fords Sleek Rubber Table;Officer;Saudi Arabia;connect Auto Loan Account;Maine extensible Chips
7;Architect capacitor;Cotton;Liaison time-frame Customer;Enterprise-wide;Proactive
8;Usability;one-to-one;migration drive;Generic;Optional
9;Tennessee;Chicken azure paradigms;JSON Computer transmitting;Savings Account Synergized;THX
10;payment Baby De-engineered;Director FTP Executive;Chips Poland;feed killer;motivating paradigm
